unit_id,m1_int,m1_slope_time,m2_int,m2_slope_time,m3_int,m3_slope_time,Change_Sign,Change_Category,size_category.x,carnegie_category.x,m1_outlier_slope,N_year,institution_name,year,pct_pell,overall_enrollment,pct_race_minority,avg_net_price_w_aid,applicants,admissions_rate,stabbr,locale_rural,hs_grad_state,pct_bachelors_2018_state,carnegie,sector,first_time_enrollment,year_0,log_fyr,log_hs,log_apps,log_price,sy_fyr,x_year,sxl_hs,sx_bach,x_rural,sx_pell,sx_race_minority,sx_price,sxl_apps,sx_admit_rate,carnegie_category.y,size_category.y,m1_fitted_link,m1_fitted_resp,m1_residual,m2_fitted_link,m2_fitted_resp,m2_residual,m3_fitted_link,m3_fitted_resp,m3_residual
125763,6.045838763610089,-0.23051258391992244,5.886543481014682,-0.2308084234172848,5.896004157807116,-0.15579934738223894,Negative,Decline (>2.5%),1k-5k,B,Outlier Decline,5,Whittier College,2023,32,813,77,32436,2797,0.8537718984626386,CA,City/Suburb,492544,34.2,Baccalaureate,private,145,4,4.976733742420574,13.107339075705214,7.936302693201959,10.387024196064448,-1.6270497917114652,4,1.8089375567576822,0.12235317719853481,City/Suburb,0.17652564777208893,1.6875547848521901,0.7487980889597265,-0.3559049402400937,0.7835664234029696,B,1k-5k,5.123788427930399,167.97050994114687,-1.8152578561859039,5.126279779453658,168.38950524252314,-1.8467971587188245,5.199994643346217,181.27127086511175,-2.7922894659735786
125763,6.045838763610089,-0.23051258391992244,5.886543481014682,-0.2308084234172848,5.896004157807116,-0.15579934738223894,Negative,Decline (>2.5%),1k-5k,B,Outlier Decline,5,Whittier College,2022,34,1131,74,28368,3014,0.7544790975447909,CA,City/Suburb,473448,34.2,Baccalaureate,private,249,3,5.517452896464707,13.067797365091815,8.01102337918644,10.25301702831399,-0.9061408944235113,3,1.7645214354257446,0.12235317719853481,City/Suburb,0.3291744160189358,1.5347117523977991,0.2326210597582037,-0.28402579402693334,0.3488218743176502,B,1k-5k,5.354301011850321,211.51607743752587,2.5063506165371603,5.353501893467667,211.34711856987838,2.51830034592445,5.324024673991832,205.2081180152347,2.956939434949856
125763,6.045838763610089,-0.23051258391992244,5.886543481014682,-0.2308084234172848,5.896004157807116,-0.15579934738223894,Negative,Decline (>2.5%),1k-5k,B,Outlier Decline,5,Whittier College,2021,36,1325,75,22091,2884,0.8248959778085991,CA,City/Suburb,467260,34.2,Baccalaureate,private,277,2,5.6240175061873385,13.054641126907947,7.96693349840484,10.002925564742185,-0.7640645971248348,2,1.7497433931412378,0.12235317719853481,City/Suburb,0.4818231842657827,1.5856594298825961,-0.5638497397250704,-0.326438988518746,0.6571358162681139,B,1k-5k,5.584813595770244,266.3506292279106,0.6482475043464131,5.583117087255312,265.899146198156,0.6761098170081032,5.511099321511361,247.42297501493698,1.8446203783882742
125763,6.045838763610089,-0.23051258391992244,5.886543481014682,-0.2308084234172848,5.896004157807116,-0.15579934738223894,Negative,Decline (>2.5%),1k-5k,B,Outlier Decline,5,Whittier College,2020,36,1490,77,28647,5038,0.723302897975387,CA,City/Suburb,477479,34.2,Baccalaureate,private,239,1,5.476463551931511,13.076275458878223,8.524764456912555,10.262804004618312,-0.960789565451671,1,1.7740446461427095,0.12235317719853481,City/Suburb,0.4818231842657827,1.6875547848521901,0.26802258167246745,0.210178314983142,0.21231970398197414,B,1k-5k,5.8153261796901665,335.40078158388553,-5.552047108871967,5.815887676875702,335.5891610610951,-5.561797407211692,5.842221802793106,344.543999710514,-6.021258631647157
125763,6.045838763610089,-0.23051258391992244,5.886543481014682,-0.2308084234172848,5.896004157807116,-0.15579934738223894,Negative,Decline (>2.5%),1k-5k,B,Outlier Decline,5,Whittier College,2019,36,1776,75,26363,7233,0.5711323102447118,CA,City/Suburb,478819,34.2,Baccalaureate,private,493,0,6.20050917404269,13.079077934418306,8.886409166849282,10.179716790941928,0.0045376790493394615,0,1.7771925902171353,0.12235317719853481,City/Suburb,0.4818231842657827,1.5856594298825961,-0.02178772675827941,0.5580701021136416,-0.4539454525599961,B,1k-5k,6.045838763610089,422.3518623296468,3.3479470345031466,6.046950276053872,422.8215726763699,3.324487745460084,6.055883864055946,426.61580924370327,3.1356297827289286
138868,4.662347231546037,0.5089206850968073,4.93910639548456,0.5086023638512699,5.900242254523943,0.27595531301129733,Positive,Growth (>2.5%),1k-5k,B,Outlier Growth,5,Point University,2023,32,2617,45,22622,3250,0.6750769230769231,GA,Town/Rural,126146,31.9,Baccalaureate,private,1084,4,6.988413181999592,11.745195245282696,8.086410275323782,10.026678163091326,1.0550035360413577,4,0.27887867197348515,-0.28315811490969484,Town/Rural,0.17652564777208893,0.05722910533868596,-0.49647264963018134,-0.21150577284915947,0.0011666342968985146,B,1k-5k,6.698029971933266,810.8069383334625,9.11946687535614,6.698558763920311,811.235799924787,9.103624456525738,6.784850216559905,884.3476163961761,6.482263637464407
138868,4.662347231546037,0.5089206850968073,4.93910639548456,0.5086023638512699,5.900242254523943,0.27595531301129733,Positive,Growth (>2.5%),1k-5k,B,Outlier Growth,5,Point University,2022,32,1943,48,19890,2355,0.24203821656050956,GA,Town/Rural,122695,31.9,Baccalaureate,private,262,3,5.568344503761097,11.717456880072456,7.764296006450518,9.897972371848018,-0.8382901215724777,3,0.24772092549222552,-0.28315811490969484,Town/Rural,0.17652564777208893,0.21007213779307696,-0.8431284126042621,-0.5213704150781592,-1.8948541795054106,B,1k-5k,6.189109286836459,487.4117687296262,-11.20458794993206,6.187440617154195,486.5991177000023,-11.171028241931054,6.0538590510721555,425.7528659582702,-8.549626256483128
138868,4.662347231546037,0.5089206850968073,4.93910639548456,0.5086023638512699,5.900242254523943,0.27595531301129733,Positive,Growth (>2.5%),1k-5k,B,Outlier Growth,5,Point University,2021,43,1641,49,20099,771,0.4656290531776913,GA,Town/Rural,124712,31.9,Baccalaureate,private,157,2,5.056245805348308,11.733762357992516,6.647688373563329,9.908425341565751,-1.5210410565342307,2,0.26603642258220733,-0.28315811490969484,Town/Rural,1.0160938731297466,0.261019815277874,-0.8166089929623942,-1.5955147734918242,-0.9158819222400437,B,1k-5k,5.680188601739652,293.00468590518744,-8.723034663664523,5.680317109120806,293.04234158950385,-8.72503832624495,5.435187616280838,229.33587138295613,-5.067939831242857
138868,4.662347231546037,0.5089206850968073,4.93910639548456,0.5086023638512699,5.900242254523943,0.27595531301129733,Positive,Growth (>2.5%),1k-5k,B,Outlier Growth,5,Point University,2020,28,1916,51,24449,1044,0.3486590038314176,GA,Town/Rural,126126,31.9,Baccalaureate,private,152,1,5.0238805208462765,11.7450366862667,6.950814768442584,10.104344594271097,-1.5641917779138286,1,0.2787005669703494,-0.28315811490969484,Town/Rural,-0.1287718887216048,0.36291517024746794,-0.26464978032064784,-1.3039159187500535,-1.4280247048936123,B,1k-5k,5.171267916642845,176.13802429547115,-1.8628688275843757,5.172737291559975,176.3970273300047,-1.8819129530998644,5.205242683471749,182.22509042070013,-2.305663332591444
138868,4.662347231546037,0.5089206850968073,4.93910639548456,0.5086023638512699,5.900242254523943,0.27595531301129733,Positive,Growth (>2.5%),1k-5k,B,Outlier Growth,5,Point University,2019,27,2340,53,17185,1419,0.28893587033121915,GA,Town/Rural,121897,31.9,Baccalaureate,private,216,0,5.375278407684165,11.710931704830182,7.257707677160043,9.751792189283934,-1.0956937393018225,0,0.24039137472729769,-0.28315811490969484,Town/Rural,-0.20509627284502824,0.46481052521706195,-1.1863582218447044,-1.008693786259649,-1.6895170437489573,B,1k-5k,4.662347231546037,105.88432572969549,9.367759580127062,4.661041712627037,105.74618193352038,9.383102692165307,5.024744251669245,152.13134379976975,4.867591087795392
176628,4.9327701211684705,0.2043166215637621,5.064389215724438,0.2044182432379503,5.5365699896430955,0.09855355917704918,Positive,Growth (>2.5%),1k-5k,M,Outlier Growth,5,Avila University,2023,49,1196,57,17482,2862,0.5953878406708596,MO,City/Suburb,67773,29.5,M,private,381,4,5.942799375126701,11.123919164525333,7.959275960116396,9.768927059140433,-0.3390515679142738,4,-0.41898374610306166,-0.7063003327617595,City/Suburb,1.4740401778702874,0.66860123515625,-1.1486727307746818,-0.3338053196359719,-0.3477448061841777,M,1k-5k,5.750036607423519,314.2021622067876,3.6454839738229263,5.750615625035824,314.38414347262426,3.6348733835578084,5.6817580584600655,293.46490513120506,4.882959508575342
176628,4.9327701211684705,0.2043166215637621,5.064389215724438,0.2044182432379503,5.5365699896430955,0.09855355917704918,Positive,Growth (>2.5%),1k-5k,M,Outlier Growth,5,Avila University,2022,51,978,53,17210,2712,0.6762536873156342,MO,City/Suburb,66781,29.5,M,private,184,3,5.214935757608986,11.109173887928804,7.905441649060286,9.753245889205585,-1.3094691200875588,3,-0.4355467117468003,-0.7063003327617595,City/Suburb,1.626688946117134,0.46481052521706195,-1.1831860424617058,-0.3855923751842918,0.006318990093180681,M,1k-5k,5.545719985859757,256.13892827709145,-4.748606170014442,5.544860031357244,255.91875513546162,-4.735544058665722,5.621390003715011,276.2731371503071,-5.913637774973771
176628,4.9327701211684705,0.2043166215637621,5.064389215724438,0.2044182432379503,5.5365699896430955,0.09855355917704918,Positive,Growth (>2.5%),1k-5k,M,Outlier Growth,5,Avila University,2021,47,1024,50,18581,2069,0.680038666022233,MO,City/Suburb,66906,29.5,M,private,217,2,5.37989735354046,11.111043928193418,7.634820677745543,9.829894832232755,-1.0895355717226096,2,-0.433446146697889,-0.7063003327617595,City/Suburb,1.3213914096234405,0.31196749276267094,-1.0092237250980658,-0.6459219493736936,0.022891177058268545,M,1k-5k,5.341403364295995,208.80553500379375,0.563437076952833,5.340611394918834,208.64023288003898,0.5749537388900319,5.405366449229682,222.59777632352848,-0.3767825870903447
176628,4.9327701211684705,0.2043166215637621,5.064389215724438,0.2044182432379503,5.5365699896430955,0.09855355917704918,Positive,Growth (>2.5%),1k-5k,M,Outlier Growth,5,Avila University,2020,44,1058,49,18711,1513,0.5446133509583608,MO,City/Suburb,67892,29.5,M,private,151,1,5.017279836814924,11.125673486281421,7.321849713788356,9.836866865194231,-1.572992079902021,1,-0.41701316448772613,-0.7063003327617595,City/Suburb,1.0924182572531702,0.261019815277874,-0.9927283923064734,-0.9469909958145242,-0.570056317502716,M,1k-5k,5.137086742732233,170.2191531037182,-1.5022052524236449,5.13752000681494,170.292918927834,-1.5077488237976606,5.06987249897747,159.15403374755493,-0.6519842958392544
176628,4.9327701211684705,0.2043166215637621,5.064389215724438,0.2044182432379503,5.5365699896430955,0.09855355917704918,Positive,Growth (>2.5%),1k-5k,M,Outlier Growth,5,Avila University,2019,49,1153,47,17048,1712,0.411214953271028,MO,City/Suburb,68482,29.5,M,private,153,0,5.030437921392435,11.134326215996625,7.445417556701687,9.743788173778453,-1.555449183238847,0,-0.407293790011481,-0.7063003327617595,City/Suburb,1.4740401778702874,0.15912446030827995,-1.2037417648635365,-0.8281222925767496,-1.1541291376386547,M,1k-5k,4.9327701211684705,138.76337177949142,1.1887348011714505,4.933886539082659,138.91837620233676,1.175361813002811,4.93642299029809,139.27118313613786,1.1449607797411432
195234,6.389567775325269,-0.23391742971081095,6.230287128445581,-0.23422090351341623,5.983006640380122,-0.09758687812458587,Negative,Decline (>2.5%),1k-5k,M,Outlier Decline,5,The College of Saint Rose,2023,39,1250,47,24618,2827,0.7339936328263177,NY,City/Suburb,211853,37.2,M,private,288,4,5.662960480135946,12.263647916917385,7.946971357693591,10.11123316167024,-0.7121442310781887,4,0.8612423687122508,0.6512809495136159,City/Suburb,0.710796336636053,0.15912446030827995,-0.2432058476915777,-0.34564199250628413,0.25912811968981553,M,1k-5k,5.453898056482025,233.6672410470382,3.4284746052340633,5.4529554292929046,233.44708373185776,3.4434106274604144,5.499561586406337,244.58467950710724,2.6994669478379194
195234,6.389567775325269,-0.23391742971081095,6.230287128445581,-0.23422090351341623,5.983006640380122,-0.09758687812458587,Negative,Decline (>2.5%),1k-5k,M,Outlier Decline,5,The College of Saint Rose,2022,41,1432,48,23294,2456,0.7801302931596091,NY,City/Suburb,213993,37.2,M,private,240,3,5.480638923341991,12.273698583188622,7.806289289267033,10.055951095662596,-0.9552227894704909,3,0.8725320070623631,0.6512809495136159,City/Suburb,0.8634451048828998,0.21007213779307696,-0.4112044678151805,-0.48097408739768555,0.4611333145024237,M,1k-5k,5.687815486192836,295.2479424439807,-3.3243247012823613,5.688087896782653,295.32838206592913,-3.328852186616394,5.566290765411199,261.4624727114637,-1.3461282367248064
195234,6.389567775325269,-0.23391742971081095,6.230287128445581,-0.23422090351341623,5.983006640380122,-0.09758687812458587,Negative,Decline (>2.5%),1k-5k,M,Outlier Decline,5,The College of Saint Rose,2021,42,1798,47,23474,4525,0.7633149171270718,NY,City/Suburb,217586,37.2,M,private,310,2,5.736572297479192,12.290349453658838,8.417372856134026,10.06364870466007,-0.6140019446964666,2,0.8912354741510341,0.6512809495136159,City/Suburb,0.9397694890063233,0.15912446030827995,-0.38836477625759097,0.10687069042481724,0.3875087112745021,M,1k-5k,5.921732915903648,373.0576315567327,-3.363878667595327,5.923818982137313,373.83666676214386,-3.4029970667417477,5.928712813139033,375.67064415899716,-3.4948774812420176
195234,6.389567775325269,-0.23391742971081095,6.230287128445581,-0.23422090351341623,5.983006640380122,-0.09758687812458587,Negative,Decline (>2.5%),1k-5k,M,Outlier Decline,5,The College of Saint Rose,2020,44,2249,47,21818,6373,0.8187666718970658,NY,City/Suburb,209688,37.2,M,private,491,1,6.19644412779452,12.25337599064604,8.759825595314295,9.990490596157702,-8.820069119853361e-4,1,0.8497041950595866,0.6512809495136159,City/Suburb,1.0924182572531702,0.15912446030827995,-0.5984899385874145,0.43630035486537483,0.6302992046499135,M,1k-5k,6.1556503456144585,471.3732983562614,0.8978256029674021,6.1546865082672655,470.91919004526585,0.918891977490373,6.221031430388791,503.2220029023234,-0.5470600123140373
195234,6.389567775325269,-0.23391742971081095,6.230287128445581,-0.23422090351341623,5.983006640380122,-0.09758687812458587,Negative,Decline (>2.5%),1k-5k,M,Outlier Decline,5,The College of Saint Rose,2019,45,2433,46,23047,6566,0.8746573256168139,NY,City/Suburb,212104,37.2,M,private,640,0,6.461468176353717,12.264831999403704,8.789660098061537,10.045290888110491,0.3524588969059064,0,0.8625724161624874,0.6512809495136159,City/Suburb,1.1687426413765936,0.10817678282348296,-0.4425456001192061,0.4650002865765392,0.8750113773841613,M,1k-5k,6.389567775325269,595.5990914220744,1.7974137421758365,6.389946435922385,595.8246640347089,1.7880592332255136,6.372772136655134,585.6791632493898,2.2111665050300595
211352,6.033244892864908,-0.2251583028411681,6.040515974083525,-0.22466770207687733,6.09783913967417,-0.2041758919006702,Negative,Decline (>2.5%),1k-5k,M,Outlier Decline,5,Cabrini University,2023,37,710,52,24733,2467,0.6919335224969598,PA,City/Suburb,142275,31.8,M,private,76,4,4.330733340286331,11.865517083471325,7.810758116529357,10.115893663307597,-2.4883239560665924,4,0.4140328997740635,-0.3007890406535305,City/Suburb,0.5581475683892061,0.41386284773226495,-0.22861382252978438,-0.47667520437810734,0.07497173039887042,M,1k-5k,5.132611681500236,169.45911385020878,-8.064286691078392,5.1337041331930475,169.64434090337915,-8.076949998912795,5.050684759463703,156.1293389329706,-7.129239942026126
211352,6.033244892864908,-0.2251583028411681,6.040515974083525,-0.22466770207687733,6.09783913967417,-0.2041758919006702,Negative,Decline (>2.5%),1k-5k,M,Outlier Decline,5,Cabrini University,2022,37,1186,45,21981,3403,0.7851895386423744,PA,City/Suburb,139193,31.8,M,private,282,3,5.641907070938114,11.843616738261684,8.132412674500905,9.997933722828073,-0.7402134975272232,3,0.38943284138121514,-0.3007890406535305,City/Suburb,0.5581475683892061,0.05722910533868596,-0.577807329010264,-0.16725279078612862,0.4832847633062147,M,1k-5k,5.357769984341403,212.25109503240088,4.555821210862686,5.356385542498521,211.95744905003505,4.577012141124409,5.474525484069689,238.53725034598565,2.7345412203444166
211352,6.033244892864908,-0.2251583028411681,6.040515974083525,-0.22466770207687733,6.09783913967417,-0.2041758919006702,Negative,Decline (>2.5%),1k-5k,M,Outlier Decline,5,Cabrini University,2021,38,1343,44,21387,3256,0.8003685503685504,PA,City/Suburb,142186,31.8,M,private,302,2,5.71042701737487,11.864891338621211,8.08825472712243,9.970538539785737,-0.6488599017492575,2,0.4133300177096731,-0.3007890406535305,City/Suburb,0.6344719525126296,0.006281427853888951,-0.6531783111503093,-0.20973146338222398,0.5497446934064543,M,1k-5k,5.582928287182572,265.84894915876373,2.169592439532196,5.582982784247221,265.86343754091655,2.1686843686744175,5.671111446054643,290.35707133870034,0.6787840266370812
211352,6.033244892864908,-0.2251583028411681,6.040515974083525,-0.22466770207687733,6.09783913967417,-0.2041758919006702,Negative,Decline (>2.5%),1k-5k,M,Outlier Decline,5,Cabrini University,2020,41,1471,45,21875,2700,0.6166666666666667,PA,City/Suburb,143645,31.8,M,private,372,1,5.918893854273146,11.875100256979527,7.90100705199242,9.993099711225815,-0.3709233863041656,1,0.42479741629806794,-0.3007890406535305,City/Suburb,0.8634451048828998,0.05722910533868596,-0.5912573695941777,-0.3898583297434322,-0.2545773909526741,M,1k-5k,5.80808659002374,332.9813858346881,2.0984223290211084,5.8085764032694644,333.14452447852216,2.0893138834995297,5.660129580152412,287.1858537317844,4.784592710920692
211352,6.033244892864908,-0.2251583028411681,6.040515974083525,-0.22466770207687733,6.09783913967417,-0.2041758919006702,Negative,Decline (>2.5%),1k-5k,M,Outlier Decline,5,Cabrini University,2019,40,1550,46,22475,3297,0.7582650894752806,PA,City/Suburb,143842,31.8,M,private,365,0,5.8998973535824915,11.876470753946936,8.10076824307173,10.020158859339821,-0.39625029818217905,0,0.42633685803301574,-0.3007890406535305,City/Suburb,0.7871207207594764,0.10817678282348296,-0.5151250644022127,-0.19769382172102154,0.36539849759191156,M,1k-5k,6.033244892864908,417.0661710841459,-2.605501581678214,6.033368405132192,417.11768705390557,-2.6079697997733238,6.053271513668505,425.502793695406,-3.0070667648095806
240392,4.903983710146493,0.24137025279083382,5.0237159705481576,0.24152816659235507,6.0373245621248515,0.13884423177780042,Positive,Growth (>2.5%),1k-5k,M,Outlier Growth,5,Herzing University-Madison,2023,67,2181,63,20679,513,0.9415204678362572,WI,City/Suburb,67563,30,M,private,330,4,5.799092654460526,11.120815774909222,6.240275845170769,9.936873971553762,-0.5306472470269558,4,-0.42246969872350204,-0.6181457040425793,City/Suburb,2.847879092091909,0.974287300065032,-0.7430144312768281,-1.9874338827928872,1.1677655986964388,M,1k-5k,5.8694647213098285,354.0594090788483,-1.2935432103941986,5.870284283965843,354.3497018888642,-1.308788869229652,5.81572966187826,335.5361371300669,-0.30306660064972346
240392,4.903983710146493,0.24137025279083382,5.0237159705481576,0.24152816659235507,6.0373245621248515,0.13884423177780042,Positive,Growth (>2.5%),1k-5k,M,Outlier Growth,5,Herzing University-Madison,2022,62,1803,60,22720,435,0.9448275862068966,WI,City/Suburb,65909,30,M,private,283,3,5.645446897643238,11.096030281727145,6.075346031088684,10.031000872835088,-0.7354940557477055,3,-0.45031056487141125,-0.6181457040425793,City/Suburb,2.466257171474792,0.821444267610641,-0.48403770644882704,-2.1460916101025345,1.1822455173967374,M,1k-5k,5.628094468518994,278.1316237922044,0.2910712433933313,5.626508150710316,277.6907684050495,0.3175965587546579,5.606260253051762,272.124655353103,0.6549439250664286
240392,4.903983710146493,0.24137025279083382,5.0237159705481576,0.24152816659235507,6.0373245621248515,0.13884423177780042,Positive,Growth (>2.5%),1k-5k,M,Outlier Growth,5,Herzing University-Madison,2021,74,1664,52,25595,435,0.942528735632184,WI,City/Suburb,66830,30,M,private,283,2,5.645446897643238,11.109907360505115,6.075346031088684,10.150152298891683,-0.7354940557477055,2,-0.4347228220759262,-0.6181457040425793,City/Suburb,3.3821497809558734,0.41386284773226495,-0.11923707740399464,-2.1460916101025345,1.1721802080562866,M,1k-5k,5.386724215728161,218.486497377792,4.172533129828628,5.386238591733549,218.38042085090467,4.180041010168823,5.477209985432802,239.178464204353,2.7530021285521022
240392,4.903983710146493,0.24137025279083382,5.0237159705481576,0.24152816659235507,6.0373245621248515,0.13884423177780042,Positive,Growth (>2.5%),1k-5k,M,Outlier Growth,5,Herzing University-Madison,2020,81,1647,49,23504,445,0.9191011235955056,WI,City/Suburb,68053,30,M,private,181,1,5.198497031265826,11.128042092339335,6.09807428216624,10.064925898413659,-1.3313859025655448,1,-0.4143525741282334,-0.6181457040425793,City/Suburb,3.9164204698198373,0.261019815277874,-0.3845581609979927,-2.1242276876713033,1.0696045274743842,M,1k-5k,5.145353962937327,171.63222536708136,0.7086899668255319,5.146355188564275,171.80415400484551,0.6954531383582451,5.33783550902129,208.06187449974325,-1.9191717098812244
240392,4.903983710146493,0.24137025279083382,5.0237159705481576,0.24152816659235507,6.0373245621248515,0.13884423177780042,Positive,Growth (>2.5%),1k-5k,M,Outlier Growth,5,Herzing University-Madison,2019,73,1506,48,23908,127,0.905511811023622,WI,City/Suburb,68191,30,M,private,78,0,4.356708826689592,11.130067870314047,4.844187086458591,10.081968409944144,-2.45369237492241,0,-0.41207707317188674,-0.6181457040425793,City/Suburb,3.3058253968324496,0.21007213779307696,-0.3332957421687363,-3.33043102865507,1.0101049513537448,M,1k-5k,4.903983710146493,134.82581824505368,-5.317589178455849,4.90501075369437,134.9643613644998,-5.328566609910606,4.622931727915495,101.79202161540745,-2.460339537456962
385619,6.491884851843629,-0.1981178239595891,6.496601848570712,-0.19848050562240838,6.871331037501752,-0.10499404208855644,Negative,Decline (>2.5%),1k-5k,M,Outlier Decline,5,Everglades University,2023,51,2369,54,26561,804,0.8644278606965174,FL,City/Suburb,214692,30.4,M,private,388,4,5.961005339623274,12.276959721877823,6.6895992691789665,10.187199253484014,-0.3147786312314789,4,0.8761951548992383,-0.5476220010672355,City/Suburb,1.626688946117134,0.515758202701859,0.003335933955069049,-1.5551976999239159,0.8302225903517776,M,1k-5k,5.699413556005272,298.6921833572223,4.937569321236294,5.697741053593964,298.19303748800695,4.967812489895146,5.828624600219526,339.8908716041621,2.5513127965092854
385619,6.491884851843629,-0.1981178239595891,6.496601848570712,-0.19848050562240838,6.871331037501752,-0.10499404208855644,Negative,Decline (>2.5%),1k-5k,M,Outlier Decline,5,Everglades University,2022,31,2246,55,28778,779,0.7034659820282413,FL,City/Suburb,217330,30.4,M,private,280,3,5.634789603169249,12.289172214699748,6.658011045870748,10.267366485323363,-0.7497027967361725,3,0.8899131138476366,-0.5476220010672355,City/Suburb,0.1002012636486655,0.566705880186656,0.28464480163937983,-1.5855846602665573,0.12546556149665403,M,1k-5k,5.897531379964861,364.13744042853165,-4.597769660555085,5.897329194095219,364.0638244257779,-4.594069865926392,5.797834402343448,329.58503791956974,-2.8044586467958887
385619,6.491884851843629,-0.1981178239595891,6.496601848570712,-0.19848050562240838,6.871331037501752,-0.10499404208855644,Negative,Decline (>2.5%),1k-5k,M,Outlier Decline,5,Everglades University,2021,44,2212,54,29341,854,0.6042154566744731,FL,City/Suburb,223891,30.4,M,private,258,2,5.552959584921617,12.318914605262643,6.74993119378857,10.286741134279072,-0.8588019247747153,2,0.923321927160224,-0.5476220010672355,City/Suburb,1.0924182572531702,0.515758202701859,0.356082281344507,-1.4971601274204225,-0.3090938878546146,M,1k-5k,6.0956492039244505,443.92214764878383,-9.582090163012753,6.098507241460181,445.1927086002832,-9.637573679441704,5.878417961721809,357.24362132669796,-5.5272705944704095
385619,6.491884851843629,-0.1981178239595891,6.496601848570712,-0.19848050562240838,6.871331037501752,-0.10499404208855644,Negative,Decline (>2.5%),1k-5k,M,Outlier Decline,5,Everglades University,2020,48,1877,55,30154,1999,0.7518759379689844,FL,City/Suburb,215797,30.4,M,private,762,1,6.635946555686647,12.28209342994865,7.6004023345004,10.314072863338863,0.5850806102384898,1,0.8819617086729478,-0.5476220010672355,City/Suburb,1.3977157937468638,0.566705880186656,0.4592415548796196,-0.6790314035219894,0.3374241755366735,M,1k-5k,6.29376702788404,541.188164944512,8.936326441004503,6.293648181716809,541.1238506271883,8.939263011255958,6.471333456948245,646.3450258506307,4.422715701758907
385619,6.491884851843629,-0.1981178239595891,6.496601848570712,-0.19848050562240838,6.871331037501752,-0.10499404208855644,Negative,Decline (>2.5%),1k-5k,M,Outlier Decline,5,Everglades University,2019,55,1757,55,29365,1500,0.7493333333333333,FL,City/Suburb,213187,30.4,M,private,620,0,6.429719478039138,12.269924993804983,7.313220387090301,10.28755876795662,0.310130233456297,0,0.8682932373854679,-0.5476220010672355,City/Suburb,1.931986482610828,0.566705880186656,0.3591275735521856,-0.9552921593715531,0.32629161108476556,M,1k-5k,6.491884851843629,659.7657526826725,-1.5641105612376383,6.491025048263208,659.1987275263383,-1.5422541861926256,6.447264233235713,630.9737324549831,-0.43814206167879555
445267,2.4995339368762,0.6380763289585817,2.8897591374703127,0.6377616626794944,5.373874941059388,0.2364318098167406,Positive,Growth (>2.5%),1k-5k,M,Outlier Growth,4,Central Methodist University-College of Graduate and Extended Studies,2023,27,3247,17,14774,280,0.8714285714285714,MO,Town/Rural,67773,29.5,M,private,218,4,5.384495062789089,11.123919164525333,5.634789603169249,9.600624158088683,-1.0834057176575373,4,-0.41898374610306166,-0.7063003327617595,Town/Rural,-0.20509627284502824,-1.3693058642356302,-1.4922832015410838,-2.569894195428715,0.8608745691694736,M,1k-5k,5.0518392527105265,156.30969328931076,4.653742555500341,5.051019248644244,156.18157124269294,4.664611179137907,5.148819405678014,172.22803879893905,3.348232981485404
445267,2.4995339368762,0.6380763289585817,2.8897591374703127,0.6377616626794944,5.373874941059388,0.2364318098167406,Positive,Growth (>2.5%),1k-5k,M,Outlier Growth,4,Central Methodist University-College of Graduate and Extended Studies,2021,25,2886,16,18452,15,1,MO,Town/Rural,66906,29.5,M,private,4,2,1.3862943611198906,11.111043928193418,2.70805020110221,9.822928044677711,-6.413970461700265,2,-0.433446146697889,-0.7063003327617595,Town/Rural,-0.3577450410918751,-1.4202535417204272,-1.0255921707143383,-5.385333141648874,1.4238129415675669,M,1k-5k,3.7756865947933638,43.62745241649221,-7.754983363205664,3.774328179644166,43.56822845867661,-7.748044035055494,3.4475544051326277,31.423449235139678,-6.193288150746537
445267,2.4995339368762,0.6380763289585817,2.8897591374703127,0.6377616626794944,5.373874941059388,0.2364318098167406,Positive,Growth (>2.5%),1k-5k,M,Outlier Growth,4,Central Methodist University-College of Graduate and Extended Studies,2020,28,3123,14,12435,6,1,MO,Town/Rural,67892,29.5,M,private,4,1,1.3862943611198906,11.125673486281421,1.791759469228055,9.428270356237505,-6.413970461700265,1,-0.41701316448772613,-0.7063003327617595,Town/Rural,-0.1287718887216048,-1.5221488966900212,-1.7890723046144275,-6.266778415101334,1.4238129415675669,M,1k-5k,3.137610265834782,23.048720677342313,-4.907842103915477,3.137893372098728,23.055246838296938,-4.908940984444932,2.8028191196735013,16.491071606169648,-3.694583216536124
445267,2.4995339368762,0.6380763289585817,2.8897591374703127,0.6377616626794944,5.373874941059388,0.2364318098167406,Positive,Growth (>2.5%),1k-5k,M,Outlier Growth,4,Central Methodist University-College of Graduate and Extended Studies,2019,33,3502,11,15196,8,1,MO,Town/Rural,68482,29.5,M,private,3,0,1.0986122886681098,11.134326215996625,2.0794415416798357,9.628787514307517,-6.797519969923899,0,-0.407293790011481,-0.7063003327617595,Town/Rural,0.25285003189551236,-1.6749919291444122,-1.4387368135560685,-5.9900365533769735,1.4238129415675669,M,1k-5k,2.4995339368762,12.17681747241616,-3.1540616759321263,2.5009164849249026,12.193664150639655,-3.158085357259768,2.700017184961736,14.879987434690344,-3.7618539965845206
460349,3.739402254924457,0.3483067917905,3.9162388657910454,0.3471917641094628,5.504006823046813,0.1560630125741037,Positive,Growth (>2.5%),1k-5k,M,Outlier Growth,5,Johnson & Wales University-Online,2023,36,1990,53,18265,446,0.5426008968609866,RI,City/Suburb,11503,34.4,M,private,155,4,5.043425116919247,9.35036314989601,6.100318952020064,9.812741939229383,-1.5381341228492302,4,-2.4111706776434056,0.15761502868620614,City/Suburb,0.4818231842657827,0.46481052521706195,-1.0493200724991674,-2.1220683799709326,-0.5788676657679518,M,1k-5k,5.132629422086457,169.46212018089602,-1.1273445613284345,5.132103427027889,169.37300738156708,-1.120597443087809,5.041491712015728,154.70061175256822,0.02406294302869712
460349,3.739402254924457,0.3483067917905,3.9162388657910454,0.3471917641094628,5.504006823046813,0.1560630125741037,Positive,Growth (>2.5%),1k-5k,M,Outlier Growth,5,Johnson & Wales University-Online,2022,43,1843,55,20242,400,0.675,RI,City/Suburb,11411,34.4,M,private,175,3,5.1647859739235145,9.34233308143468,5.991464547107982,9.915514932748847,-1.3763308633521072,3,-2.4201906337745234,0.15761502868620614,City/Suburb,1.0160938731297466,0.566705880186656,-0.7984641268916426,-2.2267831799427533,8.29833561275686e-4,M,1k-5k,4.784322630295957,119.62030846204503,4.733158268401232,4.784183360839807,119.60365016676384,4.734787736828867,4.929525779434016,138.31390548658726,2.994808682453506
460349,3.739402254924457,0.3483067917905,3.9162388657910454,0.3471917641094628,5.504006823046813,0.1560630125741037,Positive,Growth (>2.5%),1k-5k,M,Outlier Growth,5,Johnson & Wales University-Online,2021,43,1571,53,21414,275,0.4545454545454546,RI,City/Suburb,11480,34.4,M,private,79,2,4.3694478524670215,9.348361669873558,5.616771097666572,9.971800192718215,-2.436708184595429,2,-2.4134188853749787,0.15761502868620614,City/Suburb,1.0160938731297466,0.46481052521706195,-0.6497523574166709,-2.5872274783677742,-0.9644104564849499,M,1k-5k,4.436015838505457,84.43785656216463,-0.5983070534904306,4.437538370834739,84.5665138461795,-0.6121485034365941,4.450029976155635,85.62951080727183,-0.7259793879599519
460349,3.739402254924457,0.3483067917905,3.9162388657910454,0.3471917641094628,5.504006823046813,0.1560630125741037,Positive,Growth (>2.5%),1k-5k,M,Outlier Growth,5,Johnson & Wales University-Online,2020,47,1318,50,18929,211,0.36492890995260663,RI,City/Suburb,11395,34.4,M,private,43,1,3.7612001156935624,9.340929941679784,5.351858133476067,9.84845041660622,-3.2476489510093716,1,-2.4217667422592686,0.15761502868620614,City/Suburb,1.3213914096234405,0.31196749276267094,-0.9650669880867261,-2.8420661142278076,-1.3567883923419197,M,1k-5k,4.0877090467149575,59.603187054771105,-2.2642009720213085,4.089672572236367,59.7203344069806,-2.2786042989689994,4.116095141023057,61.31933081968366,-2.473396341274642
460349,3.739402254924457,0.3483067917905,3.9162388657910454,0.3471917641094628,5.504006823046813,0.1560630125741037,Positive,Growth (>2.5%),1k-5k,M,Outlier Growth,5,Johnson & Wales University-Online,2019,49,1070,48,18499,85,0.4117647058823529,RI,City/Suburb,10892,34.4,M,private,19,0,2.9444389791664403,9.295783853793651,4.442651256490317,9.82547195555139,-4.336588312372119,0,-2.4724781071978734,0.15761502868620614,City/Suburb,1.4740401778702874,0.21007213779307696,-1.019628473474301,-3.7166969234583753,-1.1517220955478926,M,1k-5k,3.739402254924457,42.07283381797583,-3.9921251429717253,3.7383861992443967,42.03010718619309,-3.986253881706965,3.586365603229245,36.10262593334506,-3.1324176209923773
