unit_id,m1_int,m1_slope_time,m2_int,m2_slope_time,m3_int,m3_slope_time,m1_outlier_slope,N_year,institution_name,year,pct_pell,overall_enrollment,pct_race_minority,avg_net_price_w_aid,applicants,admissions_rate,stabbr,locale_rural,hs_grad_state,pct_bachelors_2018_state,carnegie,sector,first_time_enrollment,year_0,log_fyr,log_hs,log_apps,log_price,sy_fyr,x_year,sxl_hs,sx_bach,x_rural,sx_pell,sx_race_minority,sx_price,sxl_apps,sx_admit_rate,carnegie_category,size_category,m1_fitted_link,m1_fitted_resp,m1_residual,m2_fitted_link,m2_fitted_resp,m2_residual,m3_fitted_link,m3_fitted_resp,m3_residual
107071,6.597730152278885,-0.2165674951324838,7.320478871073636,-0.2165662120698113,7.176296812882969,-0.14417309118660313,Outlier Decline,5,Henderson State University,2023,48,1493,41,16929,1814,0.8191841234840133,AR,Town/Rural,33693,23.3,M,public,306,4,5.723585101952381,10.425045379631145,7.503289630675082,9.73678340663725,-1.4775010321288342,4,-0.9343129913594752,-1.660460397388432,Town/Rural,0.9657781505886378,-0.2174300021227236,0.5858878041224168,-1.2311963883008508,0.31070618509528425,M,1k-5k,308.4192848733705,308.4192848733705,-0.13793850528744872,307.98020767288705,307.98020767288705,-0.1129576712148046,318.73380086348845,318.73380086348845,-0.7180837089316253
107071,6.597730152278885,-0.2165674951324838,7.320478871073636,-0.2165662120698113,7.176296812882969,-0.14417309118660313,Outlier Decline,5,Henderson State University,2022,45,1807,38,17656,2345,0.7066098081023454,AR,Town/Rural,33705,23.3,M,public,413,3,6.023447592961033,10.42540147328754,7.76004068088038,9.778830947936573,-1.1830990803846666,3,-0.9339568456765254,-1.660460397388432,Town/Rural,0.7382725346101133,-0.34139461871757965,0.7572170068009426,-1.0133966658505236,-0.3353612930353522,M,1k-5k,382.99719556966903,382.99719556966903,1.5136875771067109,382.48040079403273,382.48040079403273,1.5404450321211725,375.55905559552184,375.55905559552184,1.9011652725351313
107071,6.597730152278885,-0.2165674951324838,7.320478871073636,-0.2165662120698113,7.176296812882969,-0.14417309118660313,Outlier Decline,5,Henderson State University,2021,46,2228,35,16233,2377,0.7501051745898191,AR,Town/Rural,34604,23.3,M,public,418,2,6.035481432524756,10.451724561300265,7.773594467360194,9.694801486310846,-1.1712843787772087,2,-0.9076299117666092,-1.660460397388432,Town/Rural,0.8141077399362882,-0.46535923531243567,0.42186424832564384,-1.0018991045704657,-0.08574003936254512,M,1k-5k,475.608559544055,475.608559544055,-2.6977845049542943,477.6307902333619,477.6307902333619,-2.788452275903012,443.7650375399894,443.7650375399894,-1.2352094447484507
107071,6.597730152278885,-0.2165674951324838,7.320478871073636,-0.2165662120698113,7.176296812882969,-0.14417309118660313,Outlier Decline,5,Henderson State University,2020,43,2626,37,14046,3673,0.7489790362101824,AR,Town/Rural,34014,23.3,M,public,563,1,6.333279628139691,10.434527483552358,8.208764045819667,9.550092936718967,-0.8789091313095343,1,-0.924829502069007,-1.660460397388432,Town/Rural,0.5866021239577637,-0.3827161575825317,-0.09353735588059542,-0.6327484688417585,-0.09220298235705779,M,1k-5k,590.6139902019816,590.6139902019816,-1.1452902437403765,590.9606144167457,590.9606144167457,-1.159437889344547,620.7832565442834,620.7832565442834,-2.3566172635803233
107071,6.597730152278885,-0.2165674951324838,7.320478871073636,-0.2165662120698113,7.176296812882969,-0.14417309118660313,Outlier Decline,5,Henderson State University,2019,51,3430,33,11910,3879,0.7563805104408353,AR,Town/Rural,33531,23.3,M,public,791,0,6.673297967767654,10.42022566305372,8.263332667439967,9.385133662349347,-0.5450825747483292,0,-0.9391334121147087,-1.660460397388432,Town/Rural,1.1932837665671623,-0.5480023130423397,-0.5969199926362091,-0.5864583733040968,-0.049725692804510786,M,1k-5k,733.4285273517984,733.4285273517984,2.0988898986914912,731.6308193749663,731.6308193749663,2.1661777200723225,732.6346360498146,732.6346360498146,2.128591419434117
218733,5.931087184387237,0.26397167569908103,6.662608352652161,0.26453726336148786,6.502078460717991,0.09827227702051636,Outlier Growth,5,South Carolina State University,2023,68,2762,99,17928,9830,0.817293997965412,SC,Town/Rural,53335,28.3,M,public,1079,4,6.983789965258135,10.884348055059583,9.193194213141211,9.794119015480764,-0.24024468137037763,4,-0.47494321016942814,-0.7255216664371889,Town/Rural,2.4824822571121343,2.1792192520444935,0.8213181665376126,0.20233523205418924,0.2998586962785597,M,1k-5k,1082.440926671646,1082.440926671646,-0.10464142689759547,1085.5253127250462,1085.5253127250462,-0.19825188824613796,1111.85939935782,1111.85939935782,-0.9903648999950347
218733,5.931087184387237,0.26397167569908103,6.662608352652161,0.26453726336148786,6.502078460717991,0.09827227702051636,Outlier Growth,5,South Carolina State University,2022,66,2374,98,17435,6833,0.8390165373920679,SC,Town/Rural,52277,28.3,M,public,902,3,6.804614520062624,10.864311782771091,8.829519094780778,9.766234959109752,-0.4161573158341071,3,-0.4949824098288749,-0.7255216664371889,Town/Rural,2.3308118464597847,2.1378977131795414,0.7051348145148983,-0.10616726395374247,0.4245250219709859,M,1k-5k,831.309535853298,831.309535853298,2.4181969277885367,829.666462220324,829.666462220324,2.4760134210530156,864.5303810654916,864.5303810654916,1.265308319919717
218733,5.931087184387237,0.26397167569908103,6.662608352652161,0.26453726336148786,6.502078460717991,0.09827227702051636,Outlier Growth,5,South Carolina State University,2021,63,2074,98,20901,2497,0.8758510212254705,SC,Town/Rural,52010,28.3,M,public,586,2,6.373319789577012,10.859191286767118,7.822845290279774,9.94755228369823,-0.839598106994196,2,-0.5001036539556063,-0.7255216664371889,Town/Rural,2.10330623048126,2.1378977131795414,1.5219532691005524,-0.9601200522403683,0.6359192640572712,M,1k-5k,638.4418099614775,638.4418099614775,-2.104905073091341,636.127015289479,636.127015289479,-2.014465555913869,515.8072542345031,515.8072542345031,3.024242283292365
218733,5.931087184387237,0.26397167569908103,6.662608352652161,0.26453726336148786,6.502078460717991,0.09827227702051636,Outlier Growth,5,South Carolina State University,2020,73,2020,97,20022,3128,0.9408567774936062,SC,Town/Rural,52680,28.3,M,public,479,1,6.171700597410915,10.871991155857218,8.048149101665201,9.904586947979428,-1.0375457845550706,1,-0.4873019147589078,-0.7255216664371889,Town/Rural,2.8616582837430085,2.096576174314589,1.3148028300985934,-0.7689967538253872,1.0089893100419203,M,1k-5k,490.3203044441178,490.3203044441178,-0.5132185160335921,489.59637423804,489.59637423804,-0.4806358915731608,544.6213357591851,544.6213357591851,-2.871393250530687
218733,5.931087184387237,0.26397167569908103,6.662608352652161,0.26453726336148786,6.502078460717991,0.09827227702051636,Outlier Growth,5,South Carolina State University,2019,72,2155,98,20007,2631,0.6643861649562904,SC,Town/Rural,53953,28.3,M,public,371,0,5.916202062607435,10.895868576183826,7.875119281040293,9.903837491300417,-1.288391654143172,0,-0.4634210058558948,-0.7255216664371889,Town/Rural,2.7858230784168336,2.1378977131795414,1.3112678396719388,-0.9157764724578964,-0.5776840871147375,M,1k-5k,376.563685521596,376.563685521596,-0.2874207413866857,377.70697354988573,377.70697354988573,-0.34613225359325683,383.2726502327775,383.2726502327775,-0.6302710041524505
231165,4.823356520924837,0.2753592710299459,6.215510909608756,0.282973757751369,6.822870811868452,0.1053163392964434,Outlier Growth,5,Vermont State University,2023,31,4087,22,21253,3130,0.8322683706070287,VT,Town/Rural,5789,38.7,Baccalaureate,public,562,4,6.331501849893691,8.663714844079005,8.048788283534199,9.964253340858692,-0.880654535956945,4,-2.6959008635947166,1.219150893941397,Town/Rural,-0.3234203399563343,-1.0025392405568119,1.6049077111127135,-0.7684545413064835,0.38579708405696006,B,1k-5k,374.2011941506782,374.2011941506782,9.030086129805865,375.18576327053586,375.18576327053586,8.97541620492895,472.472438209995,472.472438209995,3.998011385295505
231165,4.823356520924837,0.2753592710299459,6.215510909608756,0.282973757751369,6.822870811868452,0.1053163392964434,Outlier Growth,5,Vermont State University,2022,28,1412,16,19426,930,0.4978494623655914,VT,Town/Rural,5977,38.7,Baccalaureate,public,127,3,4.844187086458591,8.695674048824253,6.835184586147301,9.874367653962276,-2.3408850827663947,3,-2.663936989495489,1.219150893941397,Town/Rural,-0.5509259559348587,-1.250468473746524,1.1743458771461843,-1.7979441899143662,-1.533443374605691,B,1k-5k,284.1306972867194,284.1306972867194,-10.475141702821663,284.64413578242846,284.64413578242846,-10.502232814497718,194.73276898277865,194.73276898277865,-5.186086608416835
231165,4.823356520924837,0.2753592710299459,6.215510909608756,0.282973757751369,6.822870811868452,0.1053163392964434,Outlier Growth,5,Vermont State University,2021,27,1449,18,22396,783,0.5568326947637292,VT,Town/Rural,5988,38.7,Baccalaureate,public,142,2,4.955827057601261,8.69751274553952,6.663132695990803,10.016637650468784,-2.231278091620189,2,-2.6620980241400645,1.219150893941397,Town/Rural,-0.6267611612610335,-1.16782539601662,1.8742739816237932,-1.9438943384850391,-1.194936779400017,B,1k-5k,215.74023387036536,215.74023387036536,-5.3570546209485075,214.57445146998862,214.57445146998862,-5.282543351932699,170.58246211395598,170.58246211395598,-2.2542540393871255
231165,4.823356520924837,0.2753592710299459,6.215510909608756,0.282973757751369,6.822870811868452,0.1053163392964434,Outlier Growth,5,Vermont State University,2020,31,1516,16,21279,827,0.5840386940749698,VT,Town/Rural,6158,38.7,Baccalaureate,public,120,1,4.787491742782046,8.725507328484445,6.717804695023691,9.965475949870196,-2.396547996047201,1,-2.634099351086568,1.219150893941397,Town/Rural,-0.3234203399563343,-1.250468473746524,1.611035027852248,-1.8975165487714376,-1.0388007078152606,B,1k-5k,163.81140424074638,163.81140424074638,-3.5956969672145473,162.65520572111916,162.65520572111916,-3.509500216987628,159.73489519255477,159.73489519255477,-3.2899969623577823
231165,4.823356520924837,0.2753592710299459,6.215510909608756,0.282973757751369,6.822870811868452,0.1053163392964434,Outlier Growth,5,Vermont State University,2019,31,1696,14,20604,992,0.6703629032258065,VT,Town/Rural,6547,38.7,Baccalaureate,public,208,0,5.337538079701318,8.786762208441091,6.899723107284872,9.933240510685476,-1.8565180823555583,0,-2.572835521573144,1.219150893941397,Town/Rural,-0.3234203399563343,-1.333111551476428,1.4519604586527914,-1.743196713789622,-0.5433834013131705,B,1k-5k,124.38188129270976,124.38188129270976,6.831053435337453,124.17319232155569,124.17319232155569,6.8516032862851555,163.588464349835,163.588464349835,3.3306970952083925
476975,4.173750022308969,0.2979023341600672,4.4398972985434675,0.2971053437301326,6.346373834095607,0.14140412898273963,Outlier Growth,4,Colorado State University Global,2023,24,6568,45,12475,392,0.9285714285714286,CO,City/Suburb,63277,41.7,M,public,299,4,5.700443573390687,11.055277192973856,5.971261839790462,9.431481920619719,-1.5002211501135458,4,-0.30398909889750975,1.780114132512143,City/Suburb,-0.8542667772395581,-0.05214384666291553,-0.46376868656555287,-2.5308024751077065,0.9384833125664186,M,5k-10k,213.86807628042226,213.86807628042226,5.4878513825386745,213.78991494680872,213.78991494680872,5.4935214797969385,241.85307602734582,241.85307602734582,3.5425723734487833
476975,4.173750022308969,0.2979023341600672,4.4398972985434675,0.2971053437301326,6.346373834095607,0.14140412898273963,Outlier Growth,4,Colorado State University Global,2022,26,6433,43,14826,128,0.96875,CO,City/Suburb,64869,41.7,M,public,91,3,4.51085950651685,11.080125130642005,4.852030263919617,9.604137675216665,-2.6681427193414775,3,-0.27913753085690546,1.780114132512143,City/Suburb,-0.7025963665872085,-0.13478692439281956,0.09028214630544328,-3.4802370592599248,1.1690693768008888,M,5k-10k,158.7700652068128,158.7700652068128,-5.8514427356048895,159.67961097217218,159.67961097217218,-5.917670627064612,131.81938944367118,131.81938944367118,-3.767552697556959
476975,4.173750022308969,0.2979023341600672,4.4398972985434675,0.2971053437301326,6.346373834095607,0.14140412898273963,Outlier Growth,4,Colorado State University Global,2021,27,6897,39,12351,126,0.9603174603174603,CO,City/Suburb,63204,41.7,M,public,99,2,4.59511985013459,11.05412286927139,4.836281906951478,9.421492310438014,-2.585416768749074,2,-0.30514359125079155,1.780114132512143,City/Suburb,-0.6267611612610335,-0.30007307985262766,-0.49299127409256416,-3.4935962559368874,1.1206747707269877,M,5k-10k,117.86674310719982,117.86674310719982,-1.7875647670744557,117.98267750923746,117.98267750923746,-1.7979428208159216,110.8804735975498,110.8804735975498,-1.149357123007785
476975,4.173750022308969,0.2979023341600672,4.4398972985434675,0.2971053437301326,6.346373834095607,0.14140412898273963,Outlier Growth,4,Colorado State University Global,2020,28,7970,37,14024,115,0.982608695652174,CO,City/Suburb,61237,41.7,M,public,85,1,4.442651256490317,11.022506860981878,4.74493212836325,9.54852542660107,-2.7351088872850573,1,-0.33676421875205464,1.780114132512143,City/Suburb,-0.5509259559348587,-0.3827161575825317,-0.09872200850635549,-3.5710874927069263,1.2486048598266921,M,5k-10k,87.5011867797766,87.5011867797766,-0.2686755723373949,87.07006756236731,87.07006756236731,-0.2227330980521662,93.11427652802566,93.11427652802566,-0.8535739462395532
484905,6.652804442156651,-0.22612824966916586,6.306073349439362,-0.2291153249670338,6.759515541874551,-0.2629610301576189,Outlier Decline,5,University of North Texas at Dallas,2023,51,3018,91,9109,3939,0.9385630870779386,TX,City/Suburb,385604,30.3,M,public,469,4,6.150602768446279,12.862566215108707,8.278682162970906,9.11701821474481,-1.0582594190075176,4,1.5035639746195055,-0.35154617405669164,City/Suburb,1.1932837665671623,1.8486469411248772,-1.257020538306843,-0.5734375273768144,0.995825749797839,M,1k-5k,313.65430611072276,313.65430611072276,8.16557622215528,313.67621095251917,313.67621095251917,8.164247632713332,349.5543053841178,349.5543053841178,6.068602096343071
484905,6.652804442156651,-0.22612824966916586,6.306073349439362,-0.2291153249670338,6.759515541874551,-0.2629610301576189,Outlier Decline,5,University of North Texas at Dallas,2022,50,3001,91,10351,2474,0.9361358124494744,TX,City/Suburb,375741,30.3,M,public,346,3,5.846438775057725,12.836655355232557,7.813591552952433,9.24483841238375,-1.3568845421520683,3,1.4776493290741681,-0.35154617405669164,City/Suburb,1.1174485612409875,1.8486469411248772,-0.9643233309798428,-0.9679699185599471,0.9818955456244838,M,1k-5k,393.2398350950096,393.2398350950096,-2.432462717237472,392.27762232589345,392.27762232589345,-2.384904385601747,369.8385678237565,369.8385678237565,-1.2532660410117769
484905,6.652804442156651,-0.22612824966916586,6.306073349439362,-0.2291153249670338,6.759515541874551,-0.2629610301576189,Outlier Decline,5,University of North Texas at Dallas,2021,47,3368,90,6575,2618,0.8991596638655462,TX,City/Suburb,377064,30.3,M,public,366,2,5.902633333401366,12.840170213295544,7.870165946469845,8.791029857045965,-1.301713294830935,2,1.4811647006704738,-0.35154617405669164,City/Suburb,0.889942945262463,1.8073254022599252,-1.854198254383025,-0.9199783438573886,0.7696882851529501,M,1k-5k,493.01911337688364,493.01911337688364,-5.9970603349106,493.6526546061029,493.6526546061029,-6.024266067144072,475.8552408316816,475.8552408316816,-5.251176926304688
484905,6.652804442156651,-0.22612824966916586,6.306073349439362,-0.2291153249670338,6.759515541874551,-0.2629610301576189,Outlier Decline,5,University of North Texas at Dallas,2020,58,3387,90,8491,2324,0.9298623063683304,TX,City/Suburb,372402,30.3,M,public,327,1,5.7899601708972535,12.827729194939907,7.751045117971802,9.046762057999363,-1.412334662774688,1,1.468721864637614,-0.35154617405669164,City/Suburb,1.724130203850386,1.8073254022599252,-1.402662143885012,-1.0210275250162646,0.945891700172345,M,1k-5k,618.1160311396263,618.1160311396263,-12.877103096552485,619.1226507915072,619.1226507915072,-12.91390072900739,610.6583617228067,610.6583617228067,-12.603295114660883
484905,6.652804442156651,-0.22612824966916586,6.306073349439362,-0.2291153249670338,6.759515541874551,-0.2629610301576189,Outlier Decline,5,University of North Texas at Dallas,2019,56,3419,88,9062,4718,0.4682068673166596,TX,City/Suburb,364979,30.3,M,public,1085,0,6.98933526597456,12.807595096662896,8.45914025996762,9.111845125227083,-0.23480036138079632,0,1.4485848246969204,-0.35154617405669164,City/Suburb,1.5724597931980364,1.7246823245300211,-1.268096841643694,-0.42035646535828947,-1.703563144497978,M,1k-5k,774.9545962526124,774.9545962526124,10.496717591232413,775.2144132165747,775.2144132165747,10.486815814512404,788.6057698467251,788.6057698467251,9.979512985512434
